--------------------------------------------------------
--  File created - Tuesday-May-10-2016   
--------------------------------------------------------
--------------------------------------------------------
--  DDL for Table B_AUTHOR
--------------------------------------------------------

  CREATE TABLE "BOOKSTORE"."B_AUTHOR" 
   (	"AUTHORID" VARCHAR2(4 BYTE), 
	"LNAME" VARCHAR2(10 BYTE), 
	"FNAME" VARCHAR2(10 BYTE)
   ) SEGMENT CREATION IMMEDIATE 
  PCTFREE 10 PCTUSED 40 INITRANS 1 MAXTRANS 255 NOCOMPRESS LOGGING
  STORAGE(INITIAL 65536 NEXT 1048576 MINEXTENTS 1 MAXEXTENTS 2147483645
  PCTINCREASE 0 FREELISTS 1 FREELIST GROUPS 1 BUFFER_POOL DEFAULT FLASH_CACHE DEFAULT CELL_FLASH_CACHE DEFAULT)
  TABLESPACE "SYSTEM" ;
--------------------------------------------------------
--  DDL for Table B_BOOKAUTHOR
--------------------------------------------------------

  CREATE TABLE "BOOKSTORE"."B_BOOKAUTHOR" 
   (	"ISBN" VARCHAR2(10 BYTE), 
	"AUTHORID" VARCHAR2(4 BYTE)
   ) SEGMENT CREATION IMMEDIATE 
  PCTFREE 10 PCTUSED 40 INITRANS 1 MAXTRANS 255 NOCOMPRESS LOGGING
  STORAGE(INITIAL 65536 NEXT 1048576 MINEXTENTS 1 MAXEXTENTS 2147483645
  PCTINCREASE 0 FREELISTS 1 FREELIST GROUPS 1 BUFFER_POOL DEFAULT FLASH_CACHE DEFAULT CELL_FLASH_CACHE DEFAULT)
  TABLESPACE "SYSTEM" ;
--------------------------------------------------------
--  DDL for Table B_BOOKS
--------------------------------------------------------

  CREATE TABLE "BOOKSTORE"."B_BOOKS" 
   (	"ISBN" VARCHAR2(10 BYTE), 
	"TITLE" VARCHAR2(30 BYTE), 
	"PUBDATE" DATE, 
	"PUBID" NUMBER(2,0), 
	"COST" NUMBER(5,2), 
	"RETAIL" NUMBER(5,2), 
	"CATEGORY" VARCHAR2(12 BYTE)
   ) SEGMENT CREATION IMMEDIATE 
  PCTFREE 10 PCTUSED 40 INITRANS 1 MAXTRANS 255 NOCOMPRESS LOGGING
  STORAGE(INITIAL 65536 NEXT 1048576 MINEXTENTS 1 MAXEXTENTS 2147483645
  PCTINCREASE 0 FREELISTS 1 FREELIST GROUPS 1 BUFFER_POOL DEFAULT FLASH_CACHE DEFAULT CELL_FLASH_CACHE DEFAULT)
  TABLESPACE "SYSTEM" ;
--------------------------------------------------------
--  DDL for Table B_CUSTOMERS
--------------------------------------------------------

  CREATE TABLE "BOOKSTORE"."B_CUSTOMERS" 
   (	"CUSTOMER#" NUMBER(4,0), 
	"LASTNAME" VARCHAR2(10 BYTE), 
	"FIRSTNAME" VARCHAR2(10 BYTE), 
	"ADDRESS" VARCHAR2(20 BYTE), 
	"CITY" VARCHAR2(12 BYTE), 
	"STATE" VARCHAR2(2 BYTE), 
	"ZIP" VARCHAR2(5 BYTE), 
	"REFERRED" NUMBER(4,0)
   ) SEGMENT CREATION IMMEDIATE 
  PCTFREE 10 PCTUSED 40 INITRANS 1 MAXTRANS 255 NOCOMPRESS LOGGING
  STORAGE(INITIAL 65536 NEXT 1048576 MINEXTENTS 1 MAXEXTENTS 2147483645
  PCTINCREASE 0 FREELISTS 1 FREELIST GROUPS 1 BUFFER_POOL DEFAULT FLASH_CACHE DEFAULT CELL_FLASH_CACHE DEFAULT)
  TABLESPACE "SYSTEM" ;
--------------------------------------------------------
--  DDL for Table B_ORDERITEMS
--------------------------------------------------------

  CREATE TABLE "BOOKSTORE"."B_ORDERITEMS" 
   (	"ORDER#" NUMBER(4,0), 
	"ITEM#" NUMBER(2,0), 
	"ISBN" VARCHAR2(10 BYTE), 
	"QUANTITY" NUMBER(3,0)
   ) SEGMENT CREATION IMMEDIATE 
  PCTFREE 10 PCTUSED 40 INITRANS 1 MAXTRANS 255 NOCOMPRESS LOGGING
  STORAGE(INITIAL 65536 NEXT 1048576 MINEXTENTS 1 MAXEXTENTS 2147483645
  PCTINCREASE 0 FREELISTS 1 FREELIST GROUPS 1 BUFFER_POOL DEFAULT FLASH_CACHE DEFAULT CELL_FLASH_CACHE DEFAULT)
  TABLESPACE "SYSTEM" ;
--------------------------------------------------------
--  DDL for Table B_ORDERS
--------------------------------------------------------

  CREATE TABLE "BOOKSTORE"."B_ORDERS" 
   (	"ORDER#" NUMBER(4,0), 
	"CUSTOMER#" NUMBER(4,0), 
	"ORDERDATE" DATE, 
	"SHIPDATE" DATE, 
	"SHIPSTREET" VARCHAR2(18 BYTE), 
	"SHIPCITY" VARCHAR2(15 BYTE), 
	"SHIPSTATE" VARCHAR2(2 BYTE), 
	"SHIPZIP" VARCHAR2(5 BYTE)
   ) SEGMENT CREATION IMMEDIATE 
  PCTFREE 10 PCTUSED 40 INITRANS 1 MAXTRANS 255 NOCOMPRESS LOGGING
  STORAGE(INITIAL 65536 NEXT 1048576 MINEXTENTS 1 MAXEXTENTS 2147483645
  PCTINCREASE 0 FREELISTS 1 FREELIST GROUPS 1 BUFFER_POOL DEFAULT FLASH_CACHE DEFAULT CELL_FLASH_CACHE DEFAULT)
  TABLESPACE "SYSTEM" ;
--------------------------------------------------------
--  DDL for Table B_PROMOTION
--------------------------------------------------------

  CREATE TABLE "BOOKSTORE"."B_PROMOTION" 
   (	"GIFT" VARCHAR2(15 BYTE), 
	"MINRETAIL" NUMBER(5,2), 
	"MAXRETAIL" NUMBER(5,2)
   ) SEGMENT CREATION IMMEDIATE 
  PCTFREE 10 PCTUSED 40 INITRANS 1 MAXTRANS 255 NOCOMPRESS LOGGING
  STORAGE(INITIAL 65536 NEXT 1048576 MINEXTENTS 1 MAXEXTENTS 2147483645
  PCTINCREASE 0 FREELISTS 1 FREELIST GROUPS 1 BUFFER_POOL DEFAULT FLASH_CACHE DEFAULT CELL_FLASH_CACHE DEFAULT)
  TABLESPACE "SYSTEM" ;
--------------------------------------------------------
--  DDL for Table B_PUBLISHER
--------------------------------------------------------

  CREATE TABLE "BOOKSTORE"."B_PUBLISHER" 
   (	"PUBID" NUMBER(2,0), 
	"NAME" VARCHAR2(23 BYTE), 
	"CONTACT" VARCHAR2(15 BYTE), 
	"PHONE" VARCHAR2(12 BYTE)
   ) SEGMENT CREATION IMMEDIATE 
  PCTFREE 10 PCTUSED 40 INITRANS 1 MAXTRANS 255 NOCOMPRESS LOGGING
  STORAGE(INITIAL 65536 NEXT 1048576 MINEXTENTS 1 MAXEXTENTS 2147483645
  PCTINCREASE 0 FREELISTS 1 FREELIST GROUPS 1 BUFFER_POOL DEFAULT FLASH_CACHE DEFAULT CELL_FLASH_CACHE DEFAULT)
  TABLESPACE "SYSTEM" ;
REM INSERTING into BOOKSTORE.B_AUTHOR
SET DEFINE OFF;
Insert into BOOKSTORE.B_AUTHOR (AUTHORID,LNAME,FNAME) values ('S100','SMITH','SAM');
Insert into BOOKSTORE.B_AUTHOR (AUTHORID,LNAME,FNAME) values ('J100','JONES','JANICE');
Insert into BOOKSTORE.B_AUTHOR (AUTHORID,LNAME,FNAME) values ('A100','AUSTIN','JAMES');
Insert into BOOKSTORE.B_AUTHOR (AUTHORID,LNAME,FNAME) values ('M100','MARTINEZ','SHEILA');
Insert into BOOKSTORE.B_AUTHOR (AUTHORID,LNAME,FNAME) values ('K100','KZOCHSKY','TAMARA');
Insert into BOOKSTORE.B_AUTHOR (AUTHORID,LNAME,FNAME) values ('P100','PORTER','LISA');
Insert into BOOKSTORE.B_AUTHOR (AUTHORID,LNAME,FNAME) values ('A105','ADAMS','JUAN');
Insert into BOOKSTORE.B_AUTHOR (AUTHORID,LNAME,FNAME) values ('B100','BAKER','JACK');
Insert into BOOKSTORE.B_AUTHOR (AUTHORID,LNAME,FNAME) values ('P105','PETERSON','TINA');
Insert into BOOKSTORE.B_AUTHOR (AUTHORID,LNAME,FNAME) values ('W100','WHITE','WILLIAM');
Insert into BOOKSTORE.B_AUTHOR (AUTHORID,LNAME,FNAME) values ('W105','WHITE','LISA');
Insert into BOOKSTORE.B_AUTHOR (AUTHORID,LNAME,FNAME) values ('R100','ROBINSON','ROBERT');
Insert into BOOKSTORE.B_AUTHOR (AUTHORID,LNAME,FNAME) values ('F100','FIELDS','OSCAR');
Insert into BOOKSTORE.B_AUTHOR (AUTHORID,LNAME,FNAME) values ('W110','WILKINSON','ANTHONY');
REM INSERTING into BOOKSTORE.B_BOOKAUTHOR
SET DEFINE OFF;
Insert into BOOKSTORE.B_BOOKAUTHOR (ISBN,AUTHORID) values ('0132149871','S100');
Insert into BOOKSTORE.B_BOOKAUTHOR (ISBN,AUTHORID) values ('0299282519','S100');
Insert into BOOKSTORE.B_BOOKAUTHOR (ISBN,AUTHORID) values ('0401140733','J100');
Insert into BOOKSTORE.B_BOOKAUTHOR (ISBN,AUTHORID) values ('1059831198','P100');
Insert into BOOKSTORE.B_BOOKAUTHOR (ISBN,AUTHORID) values ('1059831198','S100');
Insert into BOOKSTORE.B_BOOKAUTHOR (ISBN,AUTHORID) values ('1915762492','W100');
Insert into BOOKSTORE.B_BOOKAUTHOR (ISBN,AUTHORID) values ('1915762492','W105');
Insert into BOOKSTORE.B_BOOKAUTHOR (ISBN,AUTHORID) values ('2147428890','W105');
Insert into BOOKSTORE.B_BOOKAUTHOR (ISBN,AUTHORID) values ('2491748320','B100');
Insert into BOOKSTORE.B_BOOKAUTHOR (ISBN,AUTHORID) values ('2491748320','F100');
Insert into BOOKSTORE.B_BOOKAUTHOR (ISBN,AUTHORID) values ('2491748320','R100');
Insert into BOOKSTORE.B_BOOKAUTHOR (ISBN,AUTHORID) values ('3437212490','B100');
Insert into BOOKSTORE.B_BOOKAUTHOR (ISBN,AUTHORID) values ('3957136468','A100');
Insert into BOOKSTORE.B_BOOKAUTHOR (ISBN,AUTHORID) values ('4981341710','K100');
Insert into BOOKSTORE.B_BOOKAUTHOR (ISBN,AUTHORID) values ('8117949391','R100');
Insert into BOOKSTORE.B_BOOKAUTHOR (ISBN,AUTHORID) values ('8843172113','A100');
Insert into BOOKSTORE.B_BOOKAUTHOR (ISBN,AUTHORID) values ('8843172113','A105');
Insert into BOOKSTORE.B_BOOKAUTHOR (ISBN,AUTHORID) values ('8843172113','P105');
Insert into BOOKSTORE.B_BOOKAUTHOR (ISBN,AUTHORID) values ('9247381001','W100');
Insert into BOOKSTORE.B_BOOKAUTHOR (ISBN,AUTHORID) values ('9959789321','J100');
REM INSERTING into BOOKSTORE.B_BOOKS
SET DEFINE OFF;
Insert into BOOKSTORE.B_BOOKS (ISBN,TITLE,PUBDATE,PUBID,COST,RETAIL,CATEGORY) values ('1059831198','BODYBUILD IN 10 MINUTES A DAY',to_date('21-JAN-01','DD-MON-RR'),4,18.75,30.95,'FITNESS');
Insert into BOOKSTORE.B_BOOKS (ISBN,TITLE,PUBDATE,PUBID,COST,RETAIL,CATEGORY) values ('0401140733','REVENGE OF MICKEY',to_date('14-DEC-01','DD-MON-RR'),1,14.2,22,'FAMILY LIFE');
Insert into BOOKSTORE.B_BOOKS (ISBN,TITLE,PUBDATE,PUBID,COST,RETAIL,CATEGORY) values ('4981341710','BUILDING A CAR WITH TOOTHPICKS',to_date('18-MAR-02','DD-MON-RR'),2,37.8,59.95,'CHILDREN');
Insert into BOOKSTORE.B_BOOKS (ISBN,TITLE,PUBDATE,PUBID,COST,RETAIL,CATEGORY) values ('8843172113','DATABASE IMPLEMENTATION',to_date('04-JUN-99','DD-MON-RR'),3,31.4,55.95,'COMPUTER');
Insert into BOOKSTORE.B_BOOKS (ISBN,TITLE,PUBDATE,PUBID,COST,RETAIL,CATEGORY) values ('3437212490','COOKING WITH MUSHROOMS',to_date('28-FEB-00','DD-MON-RR'),4,12.5,19.95,'COOKING');
Insert into BOOKSTORE.B_BOOKS (ISBN,TITLE,PUBDATE,PUBID,COST,RETAIL,CATEGORY) values ('3957136468','HOLY GRAIL OF ORACLE',to_date('31-DEC-01','DD-MON-RR'),3,47.25,75.95,'COMPUTER');
Insert into BOOKSTORE.B_BOOKS (ISBN,TITLE,PUBDATE,PUBID,COST,RETAIL,CATEGORY) values ('1915762492','HANDCRANKED COMPUTERS',to_date('21-JAN-01','DD-MON-RR'),3,21.8,25,'COMPUTER');
Insert into BOOKSTORE.B_BOOKS (ISBN,TITLE,PUBDATE,PUBID,COST,RETAIL,CATEGORY) values ('9959789321','E-BUSINESS THE EASY WAY',to_date('01-MAR-02','DD-MON-RR'),2,37.9,54.5,'COMPUTER');
Insert into BOOKSTORE.B_BOOKS (ISBN,TITLE,PUBDATE,PUBID,COST,RETAIL,CATEGORY) values ('2491748320','PAINLESS CHILD-REARING',to_date('17-JUL-00','DD-MON-RR'),5,48,89.95,'FAMILY LIFE');
Insert into BOOKSTORE.B_BOOKS (ISBN,TITLE,PUBDATE,PUBID,COST,RETAIL,CATEGORY) values ('0299282519','THE WOK WAY TO COOK',to_date('11-SEP-00','DD-MON-RR'),4,19,28.75,'COOKING');
Insert into BOOKSTORE.B_BOOKS (ISBN,TITLE,PUBDATE,PUBID,COST,RETAIL,CATEGORY) values ('8117949391','BIG BEAR AND LITTLE DOVE',to_date('08-NOV-01','DD-MON-RR'),5,5.32,8.95,'CHILDREN');
Insert into BOOKSTORE.B_BOOKS (ISBN,TITLE,PUBDATE,PUBID,COST,RETAIL,CATEGORY) values ('0132149871','HOW TO GET FASTER PIZZA',to_date('11-NOV-02','DD-MON-RR'),4,17.85,29.95,'SELF HELP');
Insert into BOOKSTORE.B_BOOKS (ISBN,TITLE,PUBDATE,PUBID,COST,RETAIL,CATEGORY) values ('9247381001','HOW TO MANAGE THE MANAGER',to_date('09-MAY-99','DD-MON-RR'),1,15.4,31.95,'BUSINESS');
Insert into BOOKSTORE.B_BOOKS (ISBN,TITLE,PUBDATE,PUBID,COST,RETAIL,CATEGORY) values ('2147428890','SHORTEST POEMS',to_date('01-MAY-01','DD-MON-RR'),5,21.85,39.95,'LITERATURE');
REM INSERTING into BOOKSTORE.B_CUSTOMERS
SET DEFINE OFF;
Insert into BOOKSTORE.B_CUSTOMERS (CUSTOMER#,LASTNAME,FIRSTNAME,ADDRESS,CITY,STATE,ZIP,REFERRED) values (1001,'MORALES','BONITA','P.O. BOX 651','EASTPOINT','FL','32328',null);
Insert into BOOKSTORE.B_CUSTOMERS (CUSTOMER#,LASTNAME,FIRSTNAME,ADDRESS,CITY,STATE,ZIP,REFERRED) values (1002,'THOMPSON','RYAN','P.O. BOX 9835','SANTA MONICA','CA','90404',null);
Insert into BOOKSTORE.B_CUSTOMERS (CUSTOMER#,LASTNAME,FIRSTNAME,ADDRESS,CITY,STATE,ZIP,REFERRED) values (1003,'SMITH','LEILA','P.O. BOX 66','TALLAHASSEE','FL','32306',null);
Insert into BOOKSTORE.B_CUSTOMERS (CUSTOMER#,LASTNAME,FIRSTNAME,ADDRESS,CITY,STATE,ZIP,REFERRED) values (1004,'PIERSON','THOMAS','69821 SOUTH AVENUE','BOISE','ID','83707',null);
Insert into BOOKSTORE.B_CUSTOMERS (CUSTOMER#,LASTNAME,FIRSTNAME,ADDRESS,CITY,STATE,ZIP,REFERRED) values (1005,'GIRARD','CINDY','P.O. BOX 851','SEATTLE','WA','98115',null);
Insert into BOOKSTORE.B_CUSTOMERS (CUSTOMER#,LASTNAME,FIRSTNAME,ADDRESS,CITY,STATE,ZIP,REFERRED) values (1006,'CRUZ','MESHIA','82 DIRT ROAD','ALBANY','NY','12211',null);
Insert into BOOKSTORE.B_CUSTOMERS (CUSTOMER#,LASTNAME,FIRSTNAME,ADDRESS,CITY,STATE,ZIP,REFERRED) values (1007,'GIANA','TAMMY','9153 MAIN STREET','AUSTIN','TX','78710',1003);
Insert into BOOKSTORE.B_CUSTOMERS (CUSTOMER#,LASTNAME,FIRSTNAME,ADDRESS,CITY,STATE,ZIP,REFERRED) values (1008,'JONES','KENNETH','P.O. BOX 137','CHEYENNE','WY','82003',null);
Insert into BOOKSTORE.B_CUSTOMERS (CUSTOMER#,LASTNAME,FIRSTNAME,ADDRESS,CITY,STATE,ZIP,REFERRED) values (1009,'PEREZ','JORGE','P.O. BOX 8564','BURBANK','CA','91510',1003);
Insert into BOOKSTORE.B_CUSTOMERS (CUSTOMER#,LASTNAME,FIRSTNAME,ADDRESS,CITY,STATE,ZIP,REFERRED) values (1010,'LUCAS','JAKE','114 EAST SAVANNAH','ATLANTA','GA','30314',null);
Insert into BOOKSTORE.B_CUSTOMERS (CUSTOMER#,LASTNAME,FIRSTNAME,ADDRESS,CITY,STATE,ZIP,REFERRED) values (1011,'MCGOVERN','REESE','P.O. BOX 18','CHICAGO','IL','60606',null);
Insert into BOOKSTORE.B_CUSTOMERS (CUSTOMER#,LASTNAME,FIRSTNAME,ADDRESS,CITY,STATE,ZIP,REFERRED) values (1012,'MCKENZIE','WILLIAM','P.O. BOX 971','BOSTON','MA','02110',null);
Insert into BOOKSTORE.B_CUSTOMERS (CUSTOMER#,LASTNAME,FIRSTNAME,ADDRESS,CITY,STATE,ZIP,REFERRED) values (1013,'NGUYEN','NICHOLAS','357 WHITE EAGLE AVE.','CLERMONT','FL','34711',1006);
Insert into BOOKSTORE.B_CUSTOMERS (CUSTOMER#,LASTNAME,FIRSTNAME,ADDRESS,CITY,STATE,ZIP,REFERRED) values (1014,'LEE','JASMINE','P.O. BOX 2947','CODY','WY','82414',null);
Insert into BOOKSTORE.B_CUSTOMERS (CUSTOMER#,LASTNAME,FIRSTNAME,ADDRESS,CITY,STATE,ZIP,REFERRED) values (1015,'SCHELL','STEVE','P.O. BOX 677','MIAMI','FL','33111',null);
Insert into BOOKSTORE.B_CUSTOMERS (CUSTOMER#,LASTNAME,FIRSTNAME,ADDRESS,CITY,STATE,ZIP,REFERRED) values (1016,'DAUM','MICHELL','9851231 LONG ROAD','BURBANK','CA','91508',1010);
Insert into BOOKSTORE.B_CUSTOMERS (CUSTOMER#,LASTNAME,FIRSTNAME,ADDRESS,CITY,STATE,ZIP,REFERRED) values (1017,'NELSON','BECCA','P.O. BOX 563','KALMAZOO','MI','49006',null);
Insert into BOOKSTORE.B_CUSTOMERS (CUSTOMER#,LASTNAME,FIRSTNAME,ADDRESS,CITY,STATE,ZIP,REFERRED) values (1018,'MONTIASA','GREG','1008 GRAND AVENUE','MACON','GA','31206',null);
Insert into BOOKSTORE.B_CUSTOMERS (CUSTOMER#,LASTNAME,FIRSTNAME,ADDRESS,CITY,STATE,ZIP,REFERRED) values (1019,'SMITH','JENNIFER','P.O. BOX 1151','MORRISTOWN','NJ','07962',1003);
Insert into BOOKSTORE.B_CUSTOMERS (CUSTOMER#,LASTNAME,FIRSTNAME,ADDRESS,CITY,STATE,ZIP,REFERRED) values (1020,'FALAH','KENNETH','P.O. BOX 335','TRENTON','NJ','08607',null);
REM INSERTING into BOOKSTORE.B_ORDERITEMS
SET DEFINE OFF;
Insert into BOOKSTORE.B_ORDERITEMS (ORDER#,ITEM#,ISBN,QUANTITY) values (1000,1,'3437212490',1);
Insert into BOOKSTORE.B_ORDERITEMS (ORDER#,ITEM#,ISBN,QUANTITY) values (1001,1,'9247381001',1);
Insert into BOOKSTORE.B_ORDERITEMS (ORDER#,ITEM#,ISBN,QUANTITY) values (1001,2,'2491748320',1);
Insert into BOOKSTORE.B_ORDERITEMS (ORDER#,ITEM#,ISBN,QUANTITY) values (1002,1,'8843172113',2);
Insert into BOOKSTORE.B_ORDERITEMS (ORDER#,ITEM#,ISBN,QUANTITY) values (1003,1,'8843172113',1);
Insert into BOOKSTORE.B_ORDERITEMS (ORDER#,ITEM#,ISBN,QUANTITY) values (1003,2,'1059831198',1);
Insert into BOOKSTORE.B_ORDERITEMS (ORDER#,ITEM#,ISBN,QUANTITY) values (1003,3,'3437212490',1);
Insert into BOOKSTORE.B_ORDERITEMS (ORDER#,ITEM#,ISBN,QUANTITY) values (1004,1,'2491748320',2);
Insert into BOOKSTORE.B_ORDERITEMS (ORDER#,ITEM#,ISBN,QUANTITY) values (1005,1,'2147428890',1);
Insert into BOOKSTORE.B_ORDERITEMS (ORDER#,ITEM#,ISBN,QUANTITY) values (1006,1,'9959789321',1);
Insert into BOOKSTORE.B_ORDERITEMS (ORDER#,ITEM#,ISBN,QUANTITY) values (1007,1,'3957136468',3);
Insert into BOOKSTORE.B_ORDERITEMS (ORDER#,ITEM#,ISBN,QUANTITY) values (1007,2,'9959789321',1);
Insert into BOOKSTORE.B_ORDERITEMS (ORDER#,ITEM#,ISBN,QUANTITY) values (1007,3,'8117949391',1);
Insert into BOOKSTORE.B_ORDERITEMS (ORDER#,ITEM#,ISBN,QUANTITY) values (1007,4,'8843172113',1);
Insert into BOOKSTORE.B_ORDERITEMS (ORDER#,ITEM#,ISBN,QUANTITY) values (1008,1,'3437212490',2);
Insert into BOOKSTORE.B_ORDERITEMS (ORDER#,ITEM#,ISBN,QUANTITY) values (1009,1,'3437212490',1);
Insert into BOOKSTORE.B_ORDERITEMS (ORDER#,ITEM#,ISBN,QUANTITY) values (1009,2,'0401140733',1);
Insert into BOOKSTORE.B_ORDERITEMS (ORDER#,ITEM#,ISBN,QUANTITY) values (1010,1,'8843172113',1);
Insert into BOOKSTORE.B_ORDERITEMS (ORDER#,ITEM#,ISBN,QUANTITY) values (1011,1,'2491748320',1);
Insert into BOOKSTORE.B_ORDERITEMS (ORDER#,ITEM#,ISBN,QUANTITY) values (1012,1,'8117949391',1);
Insert into BOOKSTORE.B_ORDERITEMS (ORDER#,ITEM#,ISBN,QUANTITY) values (1012,2,'1915762492',2);
Insert into BOOKSTORE.B_ORDERITEMS (ORDER#,ITEM#,ISBN,QUANTITY) values (1012,3,'2491748320',1);
Insert into BOOKSTORE.B_ORDERITEMS (ORDER#,ITEM#,ISBN,QUANTITY) values (1012,4,'0401140733',1);
Insert into BOOKSTORE.B_ORDERITEMS (ORDER#,ITEM#,ISBN,QUANTITY) values (1013,1,'8843172113',1);
Insert into BOOKSTORE.B_ORDERITEMS (ORDER#,ITEM#,ISBN,QUANTITY) values (1014,1,'0401140733',2);
Insert into BOOKSTORE.B_ORDERITEMS (ORDER#,ITEM#,ISBN,QUANTITY) values (1015,1,'3437212490',1);
Insert into BOOKSTORE.B_ORDERITEMS (ORDER#,ITEM#,ISBN,QUANTITY) values (1016,1,'2491748320',1);
Insert into BOOKSTORE.B_ORDERITEMS (ORDER#,ITEM#,ISBN,QUANTITY) values (1017,1,'8117949391',2);
Insert into BOOKSTORE.B_ORDERITEMS (ORDER#,ITEM#,ISBN,QUANTITY) values (1018,1,'3437212490',1);
Insert into BOOKSTORE.B_ORDERITEMS (ORDER#,ITEM#,ISBN,QUANTITY) values (1018,2,'8843172113',1);
Insert into BOOKSTORE.B_ORDERITEMS (ORDER#,ITEM#,ISBN,QUANTITY) values (1019,1,'0401140733',1);
Insert into BOOKSTORE.B_ORDERITEMS (ORDER#,ITEM#,ISBN,QUANTITY) values (1020,1,'3437212490',1);
REM INSERTING into BOOKSTORE.B_ORDERS
SET DEFINE OFF;
Insert into BOOKSTORE.B_ORDERS (ORDER#,CUSTOMER#,ORDERDATE,SHIPDATE,SHIPSTREET,SHIPCITY,SHIPSTATE,SHIPZIP) values (1000,1005,to_date('31-MAR-03','DD-MON-RR'),to_date('02-APR-03','DD-MON-RR'),'1201 ORANGE AVE','SEATTLE','WA','98114');
Insert into BOOKSTORE.B_ORDERS (ORDER#,CUSTOMER#,ORDERDATE,SHIPDATE,SHIPSTREET,SHIPCITY,SHIPSTATE,SHIPZIP) values (1001,1010,to_date('31-MAR-03','DD-MON-RR'),to_date('01-APR-03','DD-MON-RR'),'114 EAST SAVANNAH','ATLANTA','GA','30314');
Insert into BOOKSTORE.B_ORDERS (ORDER#,CUSTOMER#,ORDERDATE,SHIPDATE,SHIPSTREET,SHIPCITY,SHIPSTATE,SHIPZIP) values (1002,1011,to_date('31-MAR-03','DD-MON-RR'),to_date('01-APR-03','DD-MON-RR'),'58 TILA CIRCLE','CHICAGO','IL','60605');
Insert into BOOKSTORE.B_ORDERS (ORDER#,CUSTOMER#,ORDERDATE,SHIPDATE,SHIPSTREET,SHIPCITY,SHIPSTATE,SHIPZIP) values (1003,1001,to_date('01-APR-03','DD-MON-RR'),to_date('01-APR-03','DD-MON-RR'),'958 MAGNOLIA LANE','EASTPOINT','FL','32328');
Insert into BOOKSTORE.B_ORDERS (ORDER#,CUSTOMER#,ORDERDATE,SHIPDATE,SHIPSTREET,SHIPCITY,SHIPSTATE,SHIPZIP) values (1004,1020,to_date('01-APR-03','DD-MON-RR'),to_date('05-APR-03','DD-MON-RR'),'561 ROUNDABOUT WAY','TRENTON','NJ','08601');
Insert into BOOKSTORE.B_ORDERS (ORDER#,CUSTOMER#,ORDERDATE,SHIPDATE,SHIPSTREET,SHIPCITY,SHIPSTATE,SHIPZIP) values (1005,1018,to_date('01-APR-03','DD-MON-RR'),to_date('02-APR-03','DD-MON-RR'),'1008 GRAND AVENUE','MACON','GA','31206');
Insert into BOOKSTORE.B_ORDERS (ORDER#,CUSTOMER#,ORDERDATE,SHIPDATE,SHIPSTREET,SHIPCITY,SHIPSTATE,SHIPZIP) values (1006,1003,to_date('01-APR-03','DD-MON-RR'),to_date('02-APR-03','DD-MON-RR'),'558A CAPITOL HWY.','TALLAHASSEE','FL','32307');
Insert into BOOKSTORE.B_ORDERS (ORDER#,CUSTOMER#,ORDERDATE,SHIPDATE,SHIPSTREET,SHIPCITY,SHIPSTATE,SHIPZIP) values (1007,1007,to_date('02-APR-03','DD-MON-RR'),to_date('04-APR-03','DD-MON-RR'),'9153 MAIN STREET','AUSTIN','TX','78710');
Insert into BOOKSTORE.B_ORDERS (ORDER#,CUSTOMER#,ORDERDATE,SHIPDATE,SHIPSTREET,SHIPCITY,SHIPSTATE,SHIPZIP) values (1008,1004,to_date('02-APR-03','DD-MON-RR'),to_date('03-APR-03','DD-MON-RR'),'69821 SOUTH AVENUE','BOISE','ID','83707');
Insert into BOOKSTORE.B_ORDERS (ORDER#,CUSTOMER#,ORDERDATE,SHIPDATE,SHIPSTREET,SHIPCITY,SHIPSTATE,SHIPZIP) values (1009,1005,to_date('03-APR-03','DD-MON-RR'),to_date('05-APR-03','DD-MON-RR'),'9 LIGHTENING RD.','SEATTLE','WA','98110');
Insert into BOOKSTORE.B_ORDERS (ORDER#,CUSTOMER#,ORDERDATE,SHIPDATE,SHIPSTREET,SHIPCITY,SHIPSTATE,SHIPZIP) values (1010,1019,to_date('03-APR-03','DD-MON-RR'),to_date('04-APR-03','DD-MON-RR'),'384 WRONG WAY HOME','MORRISTOWN','NJ','07960');
Insert into BOOKSTORE.B_ORDERS (ORDER#,CUSTOMER#,ORDERDATE,SHIPDATE,SHIPSTREET,SHIPCITY,SHIPSTATE,SHIPZIP) values (1011,1010,to_date('03-APR-03','DD-MON-RR'),to_date('05-APR-03','DD-MON-RR'),'102 WEST LAFAYETTE','ATLANTA','GA','30311');
Insert into BOOKSTORE.B_ORDERS (ORDER#,CUSTOMER#,ORDERDATE,SHIPDATE,SHIPSTREET,SHIPCITY,SHIPSTATE,SHIPZIP) values (1012,1017,to_date('03-APR-03','DD-MON-RR'),null,'1295 WINDY AVENUE','KALMAZOO','MI','49002');
Insert into BOOKSTORE.B_ORDERS (ORDER#,CUSTOMER#,ORDERDATE,SHIPDATE,SHIPSTREET,SHIPCITY,SHIPSTATE,SHIPZIP) values (1013,1014,to_date('03-APR-03','DD-MON-RR'),to_date('04-APR-03','DD-MON-RR'),'7618 MOUNTAIN RD.','CODY','WY','82414');
Insert into BOOKSTORE.B_ORDERS (ORDER#,CUSTOMER#,ORDERDATE,SHIPDATE,SHIPSTREET,SHIPCITY,SHIPSTATE,SHIPZIP) values (1014,1007,to_date('04-APR-03','DD-MON-RR'),to_date('05-APR-03','DD-MON-RR'),'9153 MAIN STREET','AUSTIN','TX','78710');
Insert into BOOKSTORE.B_ORDERS (ORDER#,CUSTOMER#,ORDERDATE,SHIPDATE,SHIPSTREET,SHIPCITY,SHIPSTATE,SHIPZIP) values (1015,1020,to_date('04-APR-03','DD-MON-RR'),null,'557 GLITTER ST.','TRENTON','NJ','08606');
Insert into BOOKSTORE.B_ORDERS (ORDER#,CUSTOMER#,ORDERDATE,SHIPDATE,SHIPSTREET,SHIPCITY,SHIPSTATE,SHIPZIP) values (1016,1003,to_date('04-APR-03','DD-MON-RR'),null,'9901 SEMINOLE WAY','TALLAHASSEE','FL','32307');
Insert into BOOKSTORE.B_ORDERS (ORDER#,CUSTOMER#,ORDERDATE,SHIPDATE,SHIPSTREET,SHIPCITY,SHIPSTATE,SHIPZIP) values (1017,1015,to_date('04-APR-03','DD-MON-RR'),to_date('05-APR-03','DD-MON-RR'),'887 HOT ASPHALT ST','MIAMI','FL','33112');
Insert into BOOKSTORE.B_ORDERS (ORDER#,CUSTOMER#,ORDERDATE,SHIPDATE,SHIPSTREET,SHIPCITY,SHIPSTATE,SHIPZIP) values (1018,1001,to_date('05-APR-03','DD-MON-RR'),null,'95812 HIGHWAY 98','EASTPOINT','FL','32328');
Insert into BOOKSTORE.B_ORDERS (ORDER#,CUSTOMER#,ORDERDATE,SHIPDATE,SHIPSTREET,SHIPCITY,SHIPSTATE,SHIPZIP) values (1019,1018,to_date('05-APR-03','DD-MON-RR'),null,'1008 GRAND AVENUE','MACON','GA','31206');
Insert into BOOKSTORE.B_ORDERS (ORDER#,CUSTOMER#,ORDERDATE,SHIPDATE,SHIPSTREET,SHIPCITY,SHIPSTATE,SHIPZIP) values (1020,1008,to_date('05-APR-03','DD-MON-RR'),null,'195 JAMISON LANE','CHEYENNE','WY','82003');
REM INSERTING into BOOKSTORE.B_PROMOTION
SET DEFINE OFF;
Insert into BOOKSTORE.B_PROMOTION (GIFT,MINRETAIL,MAXRETAIL) values ('BOOKMARKER',0,12);
Insert into BOOKSTORE.B_PROMOTION (GIFT,MINRETAIL,MAXRETAIL) values ('BOOK LABELS',12.01,25);
Insert into BOOKSTORE.B_PROMOTION (GIFT,MINRETAIL,MAXRETAIL) values ('BOOK COVER',25.01,56);
Insert into BOOKSTORE.B_PROMOTION (GIFT,MINRETAIL,MAXRETAIL) values ('FREE SHIPPING',56.01,999.99);
REM INSERTING into BOOKSTORE.B_PUBLISHER
SET DEFINE OFF;
Insert into BOOKSTORE.B_PUBLISHER (PUBID,NAME,CONTACT,PHONE) values (1,'PRINTING IS US','TOMMIE SEYMOUR','000-714-8321');
Insert into BOOKSTORE.B_PUBLISHER (PUBID,NAME,CONTACT,PHONE) values (2,'PUBLISH OUR WAY','JANE TOMLIN','010-410-0010');
Insert into BOOKSTORE.B_PUBLISHER (PUBID,NAME,CONTACT,PHONE) values (3,'AMERICAN PUBLISHING','DAVID DAVIDSON','800-555-1211');
Insert into BOOKSTORE.B_PUBLISHER (PUBID,NAME,CONTACT,PHONE) values (4,'READING MATERIALS INC.','RENEE SMITH','800-555-9743');
Insert into BOOKSTORE.B_PUBLISHER (PUBID,NAME,CONTACT,PHONE) values (5,'REED-N-RITE','SEBASTIAN JONES','800-555-8284');
--------------------------------------------------------
--  DDL for Index PK_ORDERITEMS
--------------------------------------------------------

  CREATE UNIQUE INDEX "BOOKSTORE"."PK_ORDERITEMS" ON "BOOKSTORE"."B_ORDERITEMS" ("ORDER#", "ITEM#") 
  PCTFREE 10 INITRANS 2 MAXTRANS 255 COMPUTE STATISTICS 
  STORAGE(INITIAL 65536 NEXT 1048576 MINEXTENTS 1 MAXEXTENTS 2147483645
  PCTINCREASE 0 FREELISTS 1 FREELIST GROUPS 1 BUFFER_POOL DEFAULT FLASH_CACHE DEFAULT CELL_FLASH_CACHE DEFAULT)
  TABLESPACE "SYSTEM" ;
--------------------------------------------------------
--  DDL for Index PK_BOOKAUTHOR
--------------------------------------------------------

  CREATE UNIQUE INDEX "BOOKSTORE"."PK_BOOKAUTHOR" ON "BOOKSTORE"."B_BOOKAUTHOR" ("ISBN", "AUTHORID") 
  PCTFREE 10 INITRANS 2 MAXTRANS 255 COMPUTE STATISTICS 
  STORAGE(INITIAL 65536 NEXT 1048576 MINEXTENTS 1 MAXEXTENTS 2147483645
  PCTINCREASE 0 FREELISTS 1 FREELIST GROUPS 1 BUFFER_POOL DEFAULT FLASH_CACHE DEFAULT CELL_FLASH_CACHE DEFAULT)
  TABLESPACE "SYSTEM" ;
--------------------------------------------------------
--  Constraints for Table B_AUTHOR
--------------------------------------------------------

  ALTER TABLE "BOOKSTORE"."B_AUTHOR" ADD PRIMARY KEY ("AUTHORID")
  USING INDEX PCTFREE 10 INITRANS 2 MAXTRANS 255 COMPUTE STATISTICS 
  STORAGE(INITIAL 65536 NEXT 1048576 MINEXTENTS 1 MAXEXTENTS 2147483645
  PCTINCREASE 0 FREELISTS 1 FREELIST GROUPS 1 BUFFER_POOL DEFAULT FLASH_CACHE DEFAULT CELL_FLASH_CACHE DEFAULT)
  TABLESPACE "SYSTEM"  ENABLE;
--------------------------------------------------------
--  Constraints for Table B_ORDERS
--------------------------------------------------------

  ALTER TABLE "BOOKSTORE"."B_ORDERS" ADD PRIMARY KEY ("ORDER#")
  USING INDEX PCTFREE 10 INITRANS 2 MAXTRANS 255 COMPUTE STATISTICS 
  STORAGE(INITIAL 65536 NEXT 1048576 MINEXTENTS 1 MAXEXTENTS 2147483645
  PCTINCREASE 0 FREELISTS 1 FREELIST GROUPS 1 BUFFER_POOL DEFAULT FLASH_CACHE DEFAULT CELL_FLASH_CACHE DEFAULT)
  TABLESPACE "SYSTEM"  ENABLE;
--------------------------------------------------------
--  Constraints for Table B_CUSTOMERS
--------------------------------------------------------

  ALTER TABLE "BOOKSTORE"."B_CUSTOMERS" ADD PRIMARY KEY ("CUSTOMER#")
  USING INDEX PCTFREE 10 INITRANS 2 MAXTRANS 255 COMPUTE STATISTICS 
  STORAGE(INITIAL 65536 NEXT 1048576 MINEXTENTS 1 MAXEXTENTS 2147483645
  PCTINCREASE 0 FREELISTS 1 FREELIST GROUPS 1 BUFFER_POOL DEFAULT FLASH_CACHE DEFAULT CELL_FLASH_CACHE DEFAULT)
  TABLESPACE "SYSTEM"  ENABLE;
--------------------------------------------------------
--  Constraints for Table B_PUBLISHER
--------------------------------------------------------

  ALTER TABLE "BOOKSTORE"."B_PUBLISHER" ADD PRIMARY KEY ("PUBID")
  USING INDEX PCTFREE 10 INITRANS 2 MAXTRANS 255 COMPUTE STATISTICS 
  STORAGE(INITIAL 65536 NEXT 1048576 MINEXTENTS 1 MAXEXTENTS 2147483645
  PCTINCREASE 0 FREELISTS 1 FREELIST GROUPS 1 BUFFER_POOL DEFAULT FLASH_CACHE DEFAULT CELL_FLASH_CACHE DEFAULT)
  TABLESPACE "SYSTEM"  ENABLE;
--------------------------------------------------------
--  Constraints for Table B_BOOKAUTHOR
--------------------------------------------------------

  ALTER TABLE "BOOKSTORE"."B_BOOKAUTHOR" ADD CONSTRAINT "PK_BOOKAUTHOR" PRIMARY KEY ("ISBN", "AUTHORID")
  USING INDEX PCTFREE 10 INITRANS 2 MAXTRANS 255 COMPUTE STATISTICS 
  STORAGE(INITIAL 65536 NEXT 1048576 MINEXTENTS 1 MAXEXTENTS 2147483645
  PCTINCREASE 0 FREELISTS 1 FREELIST GROUPS 1 BUFFER_POOL DEFAULT FLASH_CACHE DEFAULT CELL_FLASH_CACHE DEFAULT)
  TABLESPACE "SYSTEM"  ENABLE;
--------------------------------------------------------
--  Constraints for Table B_BOOKS
--------------------------------------------------------

  ALTER TABLE "BOOKSTORE"."B_BOOKS" ADD PRIMARY KEY ("ISBN")
  USING INDEX PCTFREE 10 INITRANS 2 MAXTRANS 255 COMPUTE STATISTICS 
  STORAGE(INITIAL 65536 NEXT 1048576 MINEXTENTS 1 MAXEXTENTS 2147483645
  PCTINCREASE 0 FREELISTS 1 FREELIST GROUPS 1 BUFFER_POOL DEFAULT FLASH_CACHE DEFAULT CELL_FLASH_CACHE DEFAULT)
  TABLESPACE "SYSTEM"  ENABLE;
--------------------------------------------------------
--  Constraints for Table B_ORDERITEMS
--------------------------------------------------------

  ALTER TABLE "BOOKSTORE"."B_ORDERITEMS" ADD CONSTRAINT "PK_ORDERITEMS" PRIMARY KEY ("ORDER#", "ITEM#")
  USING INDEX PCTFREE 10 INITRANS 2 MAXTRANS 255 COMPUTE STATISTICS 
  STORAGE(INITIAL 65536 NEXT 1048576 MINEXTENTS 1 MAXEXTENTS 2147483645
  PCTINCREASE 0 FREELISTS 1 FREELIST GROUPS 1 BUFFER_POOL DEFAULT FLASH_CACHE DEFAULT CELL_FLASH_CACHE DEFAULT)
  TABLESPACE "SYSTEM"  ENABLE;
  ALTER TABLE "BOOKSTORE"."B_ORDERITEMS" MODIFY ("ITEM#" NOT NULL ENABLE);
  ALTER TABLE "BOOKSTORE"."B_ORDERITEMS" MODIFY ("ORDER#" NOT NULL ENABLE);
