--------------------------------------------------------
--  File created - Tuesday-May-10-2016   
--------------------------------------------------------
--------------------------------------------------------
--  DDL for Sequence SEQ_EMPLOYEE_ID
--------------------------------------------------------

   CREATE SEQUENCE  "LUNCHES"."SEQ_EMPLOYEE_ID"  MINVALUE 1 MAXVALUE 9999999999999999999999999999 INCREMENT BY 1 START WITH 211 CACHE 20 NOORDER  NOCYCLE ;
--------------------------------------------------------
--  DDL for Sequence SEQ_MENU_ITEM
--------------------------------------------------------

   CREATE SEQUENCE  "LUNCHES"."SEQ_MENU_ITEM"  MINVALUE 1 MAXVALUE 9999999999999999999999999999 INCREMENT BY 1 START WITH 11 CACHE 20 NOORDER  NOCYCLE ;
--------------------------------------------------------
--  DDL for Table L_CONSTANTS
--------------------------------------------------------

  CREATE TABLE "LUNCHES"."L_CONSTANTS" 
   (	"BUSINESS_NAME" VARCHAR2(30 BYTE), 
	"BUSINESS_START_DATE" DATE, 
	"LUNCH_BUDGET" NUMBER(5,2), 
	"OWNER_NAME" VARCHAR2(30 BYTE)
   ) SEGMENT CREATION IMMEDIATE 
  PCTFREE 10 PCTUSED 40 INITRANS 1 MAXTRANS 255 NOCOMPRESS LOGGING
  STORAGE(INITIAL 65536 NEXT 1048576 MINEXTENTS 1 MAXEXTENTS 2147483645
  PCTINCREASE 0 FREELISTS 1 FREELIST GROUPS 1 BUFFER_POOL DEFAULT FLASH_CACHE DEFAULT CELL_FLASH_CACHE DEFAULT)
  TABLESPACE "SYSTEM" ;
--------------------------------------------------------
--  DDL for Table L_DEPARTMENTS
--------------------------------------------------------

  CREATE TABLE "LUNCHES"."L_DEPARTMENTS" 
   (	"DEPT_CODE" VARCHAR2(3 BYTE), 
	"DEPARTMENT_NAME" VARCHAR2(30 BYTE)
   ) SEGMENT CREATION IMMEDIATE 
  PCTFREE 10 PCTUSED 40 INITRANS 1 MAXTRANS 255 NOCOMPRESS LOGGING
  STORAGE(INITIAL 65536 NEXT 1048576 MINEXTENTS 1 MAXEXTENTS 2147483645
  PCTINCREASE 0 FREELISTS 1 FREELIST GROUPS 1 BUFFER_POOL DEFAULT FLASH_CACHE DEFAULT CELL_FLASH_CACHE DEFAULT)
  TABLESPACE "SYSTEM" ;
--------------------------------------------------------
--  DDL for Table L_EMPLOYEES
--------------------------------------------------------

  CREATE TABLE "LUNCHES"."L_EMPLOYEES" 
   (	"EMPLOYEE_ID" NUMBER(3,0), 
	"FIRST_NAME" VARCHAR2(10 BYTE), 
	"LAST_NAME" VARCHAR2(20 BYTE), 
	"DEPT_CODE" VARCHAR2(3 BYTE), 
	"HIRE_DATE" DATE, 
	"CREDIT_LIMIT" NUMBER(4,2), 
	"PHONE_NUMBER" VARCHAR2(4 BYTE), 
	"MANAGER_ID" NUMBER(3,0)
   ) SEGMENT CREATION IMMEDIATE 
  PCTFREE 10 PCTUSED 40 INITRANS 1 MAXTRANS 255 NOCOMPRESS LOGGING
  STORAGE(INITIAL 65536 NEXT 1048576 MINEXTENTS 1 MAXEXTENTS 2147483645
  PCTINCREASE 0 FREELISTS 1 FREELIST GROUPS 1 BUFFER_POOL DEFAULT FLASH_CACHE DEFAULT CELL_FLASH_CACHE DEFAULT)
  TABLESPACE "SYSTEM" ;
--------------------------------------------------------
--  DDL for Table L_FOODS
--------------------------------------------------------

  CREATE TABLE "LUNCHES"."L_FOODS" 
   (	"SUPPLIER_ID" VARCHAR2(3 BYTE), 
	"PRODUCT_CODE" VARCHAR2(2 BYTE), 
	"MENU_ITEM" NUMBER(2,0), 
	"DESCRIPTION" VARCHAR2(20 BYTE), 
	"PRICE" NUMBER(4,2), 
	"PRICE_INCREASE" NUMBER(4,2)
   ) SEGMENT CREATION IMMEDIATE 
  PCTFREE 10 PCTUSED 40 INITRANS 1 MAXTRANS 255 NOCOMPRESS LOGGING
  STORAGE(INITIAL 65536 NEXT 1048576 MINEXTENTS 1 MAXEXTENTS 2147483645
  PCTINCREASE 0 FREELISTS 1 FREELIST GROUPS 1 BUFFER_POOL DEFAULT FLASH_CACHE DEFAULT CELL_FLASH_CACHE DEFAULT)
  TABLESPACE "SYSTEM" ;
--------------------------------------------------------
--  DDL for Table L_LUNCHES
--------------------------------------------------------

  CREATE TABLE "LUNCHES"."L_LUNCHES" 
   (	"LUNCH_ID" NUMBER(3,0), 
	"LUNCH_DATE" DATE, 
	"EMPLOYEE_ID" NUMBER(3,0), 
	"DATE_ENTERED" DATE
   ) SEGMENT CREATION IMMEDIATE 
  PCTFREE 10 PCTUSED 40 INITRANS 1 MAXTRANS 255 NOCOMPRESS LOGGING
  STORAGE(INITIAL 65536 NEXT 1048576 MINEXTENTS 1 MAXEXTENTS 2147483645
  PCTINCREASE 0 FREELISTS 1 FREELIST GROUPS 1 BUFFER_POOL DEFAULT FLASH_CACHE DEFAULT CELL_FLASH_CACHE DEFAULT)
  TABLESPACE "SYSTEM" ;
--------------------------------------------------------
--  DDL for Table L_LUNCH_ITEMS
--------------------------------------------------------

  CREATE TABLE "LUNCHES"."L_LUNCH_ITEMS" 
   (	"LUNCH_ID" NUMBER(3,0), 
	"ITEM_NUMBER" NUMBER(2,0), 
	"SUPPLIER_ID" VARCHAR2(3 BYTE), 
	"PRODUCT_CODE" VARCHAR2(2 BYTE), 
	"QUANTITY" NUMBER(1,0)
   ) SEGMENT CREATION IMMEDIATE 
  PCTFREE 10 PCTUSED 40 INITRANS 1 MAXTRANS 255 NOCOMPRESS LOGGING
  STORAGE(INITIAL 65536 NEXT 1048576 MINEXTENTS 1 MAXEXTENTS 2147483645
  PCTINCREASE 0 FREELISTS 1 FREELIST GROUPS 1 BUFFER_POOL DEFAULT FLASH_CACHE DEFAULT CELL_FLASH_CACHE DEFAULT)
  TABLESPACE "SYSTEM" ;
--------------------------------------------------------
--  DDL for Table L_SUPPLIERS
--------------------------------------------------------

  CREATE TABLE "LUNCHES"."L_SUPPLIERS" 
   (	"SUPPLIER_ID" VARCHAR2(3 BYTE), 
	"SUPPLIER_NAME" VARCHAR2(30 BYTE)
   ) SEGMENT CREATION IMMEDIATE 
  PCTFREE 10 PCTUSED 40 INITRANS 1 MAXTRANS 255 NOCOMPRESS LOGGING
  STORAGE(INITIAL 65536 NEXT 1048576 MINEXTENTS 1 MAXEXTENTS 2147483645
  PCTINCREASE 0 FREELISTS 1 FREELIST GROUPS 1 BUFFER_POOL DEFAULT FLASH_CACHE DEFAULT CELL_FLASH_CACHE DEFAULT)
  TABLESPACE "SYSTEM" ;
REM INSERTING into LUNCHES.L_CONSTANTS
SET DEFINE OFF;
Insert into LUNCHES.L_CONSTANTS (BUSINESS_NAME,BUSINESS_START_DATE,LUNCH_BUDGET,OWNER_NAME) values ('CITYWIDE UNIFORMS',to_date('01-JUN-98','DD-MON-RR'),200,'SUSAN BROWN');
REM INSERTING into LUNCHES.L_DEPARTMENTS
SET DEFINE OFF;
Insert into LUNCHES.L_DEPARTMENTS (DEPT_CODE,DEPARTMENT_NAME) values ('ACT','ACCOUNTING');
Insert into LUNCHES.L_DEPARTMENTS (DEPT_CODE,DEPARTMENT_NAME) values ('EXE','EXECUTIVE');
Insert into LUNCHES.L_DEPARTMENTS (DEPT_CODE,DEPARTMENT_NAME) values ('MKT','MARKETING');
Insert into LUNCHES.L_DEPARTMENTS (DEPT_CODE,DEPARTMENT_NAME) values ('PER','PERSONNEL');
Insert into LUNCHES.L_DEPARTMENTS (DEPT_CODE,DEPARTMENT_NAME) values ('SAL','SALES');
Insert into LUNCHES.L_DEPARTMENTS (DEPT_CODE,DEPARTMENT_NAME) values ('SHP','SHIPPING');
REM INSERTING into LUNCHES.L_EMPLOYEES
SET DEFINE OFF;
Insert into LUNCHES.L_EMPLOYEES (EMPLOYEE_ID,FIRST_NAME,LAST_NAME,DEPT_CODE,HIRE_DATE,CREDIT_LIMIT,PHONE_NUMBER,MANAGER_ID) values (201,'SUSAN','BROWN','EXE',to_date('01-JUN-98','DD-MON-RR'),30,'3484',null);
Insert into LUNCHES.L_EMPLOYEES (EMPLOYEE_ID,FIRST_NAME,LAST_NAME,DEPT_CODE,HIRE_DATE,CREDIT_LIMIT,PHONE_NUMBER,MANAGER_ID) values (202,'JIM','KERN','SAL',to_date('16-AUG-99','DD-MON-RR'),25,'8722',201);
Insert into LUNCHES.L_EMPLOYEES (EMPLOYEE_ID,FIRST_NAME,LAST_NAME,DEPT_CODE,HIRE_DATE,CREDIT_LIMIT,PHONE_NUMBER,MANAGER_ID) values (203,'MARTHA','WOODS','SHP',to_date('02-FEB-09','DD-MON-RR'),25,'7591',201);
Insert into LUNCHES.L_EMPLOYEES (EMPLOYEE_ID,FIRST_NAME,LAST_NAME,DEPT_CODE,HIRE_DATE,CREDIT_LIMIT,PHONE_NUMBER,MANAGER_ID) values (204,'ELLEN','OWENS','SAL',to_date('01-JUL-08','DD-MON-RR'),15,'6830',202);
Insert into LUNCHES.L_EMPLOYEES (EMPLOYEE_ID,FIRST_NAME,LAST_NAME,DEPT_CODE,HIRE_DATE,CREDIT_LIMIT,PHONE_NUMBER,MANAGER_ID) values (205,'HENRY','PERKINS','SAL',to_date('01-MAR-06','DD-MON-RR'),25,'5286',202);
Insert into LUNCHES.L_EMPLOYEES (EMPLOYEE_ID,FIRST_NAME,LAST_NAME,DEPT_CODE,HIRE_DATE,CREDIT_LIMIT,PHONE_NUMBER,MANAGER_ID) values (206,'CAROL','ROSE','ACT',null,null,null,null);
Insert into LUNCHES.L_EMPLOYEES (EMPLOYEE_ID,FIRST_NAME,LAST_NAME,DEPT_CODE,HIRE_DATE,CREDIT_LIMIT,PHONE_NUMBER,MANAGER_ID) values (207,'DAN','SMITH','SHP',to_date('01-DEC-08','DD-MON-RR'),25,'2259',203);
Insert into LUNCHES.L_EMPLOYEES (EMPLOYEE_ID,FIRST_NAME,LAST_NAME,DEPT_CODE,HIRE_DATE,CREDIT_LIMIT,PHONE_NUMBER,MANAGER_ID) values (208,'FRED','CAMPBELL','SHP',to_date('01-APR-08','DD-MON-RR'),25,'1752',203);
Insert into LUNCHES.L_EMPLOYEES (EMPLOYEE_ID,FIRST_NAME,LAST_NAME,DEPT_CODE,HIRE_DATE,CREDIT_LIMIT,PHONE_NUMBER,MANAGER_ID) values (209,'PAULA','JACOBS','MKT',to_date('17-MAR-99','DD-MON-RR'),15,'3357',201);
Insert into LUNCHES.L_EMPLOYEES (EMPLOYEE_ID,FIRST_NAME,LAST_NAME,DEPT_CODE,HIRE_DATE,CREDIT_LIMIT,PHONE_NUMBER,MANAGER_ID) values (210,'NANCY','HOFFMAN','SAL',to_date('16-FEB-07','DD-MON-RR'),25,'2974',203);
REM INSERTING into LUNCHES.L_FOODS
SET DEFINE OFF;
Insert into LUNCHES.L_FOODS (SUPPLIER_ID,PRODUCT_CODE,MENU_ITEM,DESCRIPTION,PRICE,PRICE_INCREASE) values ('ASP','FS',1,'FRESH SALAD',2,0.25);
Insert into LUNCHES.L_FOODS (SUPPLIER_ID,PRODUCT_CODE,MENU_ITEM,DESCRIPTION,PRICE,PRICE_INCREASE) values ('ASP','SP',2,'SOUP OF THE DAY',1.5,null);
Insert into LUNCHES.L_FOODS (SUPPLIER_ID,PRODUCT_CODE,MENU_ITEM,DESCRIPTION,PRICE,PRICE_INCREASE) values ('ASP','SW',3,'SANDWICH',3.5,0.4);
Insert into LUNCHES.L_FOODS (SUPPLIER_ID,PRODUCT_CODE,MENU_ITEM,DESCRIPTION,PRICE,PRICE_INCREASE) values ('CBC','GS',4,'GRILLED STEAK',6,0.7);
Insert into LUNCHES.L_FOODS (SUPPLIER_ID,PRODUCT_CODE,MENU_ITEM,DESCRIPTION,PRICE,PRICE_INCREASE) values ('CBC','SW',5,'HAMBURGER',2.5,0.3);
Insert into LUNCHES.L_FOODS (SUPPLIER_ID,PRODUCT_CODE,MENU_ITEM,DESCRIPTION,PRICE,PRICE_INCREASE) values ('FRV','BR',6,'BROCCOLI',1,0.05);
Insert into LUNCHES.L_FOODS (SUPPLIER_ID,PRODUCT_CODE,MENU_ITEM,DESCRIPTION,PRICE,PRICE_INCREASE) values ('FRV','FF',7,'FRENCH FRIES',1.5,null);
Insert into LUNCHES.L_FOODS (SUPPLIER_ID,PRODUCT_CODE,MENU_ITEM,DESCRIPTION,PRICE,PRICE_INCREASE) values ('JBR','AS',8,'SODA',1.25,0.25);
Insert into LUNCHES.L_FOODS (SUPPLIER_ID,PRODUCT_CODE,MENU_ITEM,DESCRIPTION,PRICE,PRICE_INCREASE) values ('JBR','VR',9,'COFFEE',0.85,0.15);
Insert into LUNCHES.L_FOODS (SUPPLIER_ID,PRODUCT_CODE,MENU_ITEM,DESCRIPTION,PRICE,PRICE_INCREASE) values ('VSB','AS',10,'DESSERT',3,0.5);
REM INSERTING into LUNCHES.L_LUNCHES
SET DEFINE OFF;
Insert into LUNCHES.L_LUNCHES (LUNCH_ID,LUNCH_DATE,EMPLOYEE_ID,DATE_ENTERED) values (1,to_date('16-NOV-11','DD-MON-RR'),201,to_date('13-OCT-11','DD-MON-RR'));
Insert into LUNCHES.L_LUNCHES (LUNCH_ID,LUNCH_DATE,EMPLOYEE_ID,DATE_ENTERED) values (2,to_date('16-NOV-11','DD-MON-RR'),207,to_date('13-OCT-11','DD-MON-RR'));
Insert into LUNCHES.L_LUNCHES (LUNCH_ID,LUNCH_DATE,EMPLOYEE_ID,DATE_ENTERED) values (3,to_date('16-NOV-11','DD-MON-RR'),203,to_date('13-OCT-11','DD-MON-RR'));
Insert into LUNCHES.L_LUNCHES (LUNCH_ID,LUNCH_DATE,EMPLOYEE_ID,DATE_ENTERED) values (4,to_date('16-NOV-11','DD-MON-RR'),204,to_date('13-OCT-11','DD-MON-RR'));
Insert into LUNCHES.L_LUNCHES (LUNCH_ID,LUNCH_DATE,EMPLOYEE_ID,DATE_ENTERED) values (6,to_date('16-NOV-11','DD-MON-RR'),202,to_date('13-OCT-11','DD-MON-RR'));
Insert into LUNCHES.L_LUNCHES (LUNCH_ID,LUNCH_DATE,EMPLOYEE_ID,DATE_ENTERED) values (7,to_date('16-NOV-11','DD-MON-RR'),210,to_date('13-OCT-11','DD-MON-RR'));
Insert into LUNCHES.L_LUNCHES (LUNCH_ID,LUNCH_DATE,EMPLOYEE_ID,DATE_ENTERED) values (8,to_date('25-NOV-11','DD-MON-RR'),201,to_date('14-OCT-11','DD-MON-RR'));
Insert into LUNCHES.L_LUNCHES (LUNCH_ID,LUNCH_DATE,EMPLOYEE_ID,DATE_ENTERED) values (9,to_date('25-NOV-11','DD-MON-RR'),208,to_date('14-OCT-11','DD-MON-RR'));
Insert into LUNCHES.L_LUNCHES (LUNCH_ID,LUNCH_DATE,EMPLOYEE_ID,DATE_ENTERED) values (12,to_date('25-NOV-11','DD-MON-RR'),204,to_date('14-OCT-11','DD-MON-RR'));
Insert into LUNCHES.L_LUNCHES (LUNCH_ID,LUNCH_DATE,EMPLOYEE_ID,DATE_ENTERED) values (13,to_date('25-NOV-11','DD-MON-RR'),207,to_date('18-OCT-11','DD-MON-RR'));
Insert into LUNCHES.L_LUNCHES (LUNCH_ID,LUNCH_DATE,EMPLOYEE_ID,DATE_ENTERED) values (15,to_date('25-NOV-11','DD-MON-RR'),205,to_date('21-OCT-11','DD-MON-RR'));
Insert into LUNCHES.L_LUNCHES (LUNCH_ID,LUNCH_DATE,EMPLOYEE_ID,DATE_ENTERED) values (16,to_date('05-DEC-11','DD-MON-RR'),201,to_date('21-OCT-11','DD-MON-RR'));
Insert into LUNCHES.L_LUNCHES (LUNCH_ID,LUNCH_DATE,EMPLOYEE_ID,DATE_ENTERED) values (17,to_date('05-DEC-11','DD-MON-RR'),210,to_date('21-OCT-11','DD-MON-RR'));
Insert into LUNCHES.L_LUNCHES (LUNCH_ID,LUNCH_DATE,EMPLOYEE_ID,DATE_ENTERED) values (20,to_date('05-DEC-11','DD-MON-RR'),205,to_date('24-OCT-11','DD-MON-RR'));
Insert into LUNCHES.L_LUNCHES (LUNCH_ID,LUNCH_DATE,EMPLOYEE_ID,DATE_ENTERED) values (21,to_date('05-DEC-11','DD-MON-RR'),203,to_date('24-OCT-11','DD-MON-RR'));
Insert into LUNCHES.L_LUNCHES (LUNCH_ID,LUNCH_DATE,EMPLOYEE_ID,DATE_ENTERED) values (22,to_date('05-DEC-11','DD-MON-RR'),208,to_date('24-OCT-11','DD-MON-RR'));
REM INSERTING into LUNCHES.L_LUNCH_ITEMS
SET DEFINE OFF;
Insert into LUNCHES.L_LUNCH_ITEMS (LUNCH_ID,ITEM_NUMBER,SUPPLIER_ID,PRODUCT_CODE,QUANTITY) values (1,1,'ASP','FS',1);
Insert into LUNCHES.L_LUNCH_ITEMS (LUNCH_ID,ITEM_NUMBER,SUPPLIER_ID,PRODUCT_CODE,QUANTITY) values (1,2,'ASP','SW',2);
Insert into LUNCHES.L_LUNCH_ITEMS (LUNCH_ID,ITEM_NUMBER,SUPPLIER_ID,PRODUCT_CODE,QUANTITY) values (1,3,'JBR','VR',2);
Insert into LUNCHES.L_LUNCH_ITEMS (LUNCH_ID,ITEM_NUMBER,SUPPLIER_ID,PRODUCT_CODE,QUANTITY) values (2,1,'ASP','SW',2);
Insert into LUNCHES.L_LUNCH_ITEMS (LUNCH_ID,ITEM_NUMBER,SUPPLIER_ID,PRODUCT_CODE,QUANTITY) values (2,2,'FRV','FF',1);
Insert into LUNCHES.L_LUNCH_ITEMS (LUNCH_ID,ITEM_NUMBER,SUPPLIER_ID,PRODUCT_CODE,QUANTITY) values (2,3,'JBR','VR',2);
Insert into LUNCHES.L_LUNCH_ITEMS (LUNCH_ID,ITEM_NUMBER,SUPPLIER_ID,PRODUCT_CODE,QUANTITY) values (2,4,'VSB','AS',1);
Insert into LUNCHES.L_LUNCH_ITEMS (LUNCH_ID,ITEM_NUMBER,SUPPLIER_ID,PRODUCT_CODE,QUANTITY) values (3,1,'ASP','FS',1);
Insert into LUNCHES.L_LUNCH_ITEMS (LUNCH_ID,ITEM_NUMBER,SUPPLIER_ID,PRODUCT_CODE,QUANTITY) values (3,2,'CBC','GS',1);
Insert into LUNCHES.L_LUNCH_ITEMS (LUNCH_ID,ITEM_NUMBER,SUPPLIER_ID,PRODUCT_CODE,QUANTITY) values (3,3,'FRV','FF',1);
Insert into LUNCHES.L_LUNCH_ITEMS (LUNCH_ID,ITEM_NUMBER,SUPPLIER_ID,PRODUCT_CODE,QUANTITY) values (3,4,'JBR','VR',1);
Insert into LUNCHES.L_LUNCH_ITEMS (LUNCH_ID,ITEM_NUMBER,SUPPLIER_ID,PRODUCT_CODE,QUANTITY) values (3,5,'JBR','AS',1);
Insert into LUNCHES.L_LUNCH_ITEMS (LUNCH_ID,ITEM_NUMBER,SUPPLIER_ID,PRODUCT_CODE,QUANTITY) values (4,1,'ASP','SP',2);
Insert into LUNCHES.L_LUNCH_ITEMS (LUNCH_ID,ITEM_NUMBER,SUPPLIER_ID,PRODUCT_CODE,QUANTITY) values (4,2,'CBC','SW',2);
Insert into LUNCHES.L_LUNCH_ITEMS (LUNCH_ID,ITEM_NUMBER,SUPPLIER_ID,PRODUCT_CODE,QUANTITY) values (4,3,'FRV','FF',1);
Insert into LUNCHES.L_LUNCH_ITEMS (LUNCH_ID,ITEM_NUMBER,SUPPLIER_ID,PRODUCT_CODE,QUANTITY) values (4,4,'JBR','AS',2);
Insert into LUNCHES.L_LUNCH_ITEMS (LUNCH_ID,ITEM_NUMBER,SUPPLIER_ID,PRODUCT_CODE,QUANTITY) values (6,1,'ASP','SP',1);
Insert into LUNCHES.L_LUNCH_ITEMS (LUNCH_ID,ITEM_NUMBER,SUPPLIER_ID,PRODUCT_CODE,QUANTITY) values (6,2,'CBC','GS',1);
Insert into LUNCHES.L_LUNCH_ITEMS (LUNCH_ID,ITEM_NUMBER,SUPPLIER_ID,PRODUCT_CODE,QUANTITY) values (6,3,'FRV','FF',1);
Insert into LUNCHES.L_LUNCH_ITEMS (LUNCH_ID,ITEM_NUMBER,SUPPLIER_ID,PRODUCT_CODE,QUANTITY) values (6,4,'JBR','VR',2);
Insert into LUNCHES.L_LUNCH_ITEMS (LUNCH_ID,ITEM_NUMBER,SUPPLIER_ID,PRODUCT_CODE,QUANTITY) values (6,5,'VSB','AS',1);
Insert into LUNCHES.L_LUNCH_ITEMS (LUNCH_ID,ITEM_NUMBER,SUPPLIER_ID,PRODUCT_CODE,QUANTITY) values (7,1,'ASP','FS',1);
Insert into LUNCHES.L_LUNCH_ITEMS (LUNCH_ID,ITEM_NUMBER,SUPPLIER_ID,PRODUCT_CODE,QUANTITY) values (7,2,'ASP','SP',1);
Insert into LUNCHES.L_LUNCH_ITEMS (LUNCH_ID,ITEM_NUMBER,SUPPLIER_ID,PRODUCT_CODE,QUANTITY) values (7,3,'CBC','GS',1);
Insert into LUNCHES.L_LUNCH_ITEMS (LUNCH_ID,ITEM_NUMBER,SUPPLIER_ID,PRODUCT_CODE,QUANTITY) values (7,4,'JBR','VR',1);
Insert into LUNCHES.L_LUNCH_ITEMS (LUNCH_ID,ITEM_NUMBER,SUPPLIER_ID,PRODUCT_CODE,QUANTITY) values (7,5,'VSB','AS',1);
Insert into LUNCHES.L_LUNCH_ITEMS (LUNCH_ID,ITEM_NUMBER,SUPPLIER_ID,PRODUCT_CODE,QUANTITY) values (8,1,'ASP','FS',1);
Insert into LUNCHES.L_LUNCH_ITEMS (LUNCH_ID,ITEM_NUMBER,SUPPLIER_ID,PRODUCT_CODE,QUANTITY) values (8,2,'CBC','GS',1);
Insert into LUNCHES.L_LUNCH_ITEMS (LUNCH_ID,ITEM_NUMBER,SUPPLIER_ID,PRODUCT_CODE,QUANTITY) values (8,3,'JBR','AS',1);
Insert into LUNCHES.L_LUNCH_ITEMS (LUNCH_ID,ITEM_NUMBER,SUPPLIER_ID,PRODUCT_CODE,QUANTITY) values (9,1,'ASP','FS',1);
Insert into LUNCHES.L_LUNCH_ITEMS (LUNCH_ID,ITEM_NUMBER,SUPPLIER_ID,PRODUCT_CODE,QUANTITY) values (9,2,'ASP','SP',1);
Insert into LUNCHES.L_LUNCH_ITEMS (LUNCH_ID,ITEM_NUMBER,SUPPLIER_ID,PRODUCT_CODE,QUANTITY) values (9,3,'CBC','SW',2);
Insert into LUNCHES.L_LUNCH_ITEMS (LUNCH_ID,ITEM_NUMBER,SUPPLIER_ID,PRODUCT_CODE,QUANTITY) values (9,4,'FRV','FF',1);
Insert into LUNCHES.L_LUNCH_ITEMS (LUNCH_ID,ITEM_NUMBER,SUPPLIER_ID,PRODUCT_CODE,QUANTITY) values (9,5,'JBR','VR',1);
Insert into LUNCHES.L_LUNCH_ITEMS (LUNCH_ID,ITEM_NUMBER,SUPPLIER_ID,PRODUCT_CODE,QUANTITY) values (9,6,'JBR','AS',1);
Insert into LUNCHES.L_LUNCH_ITEMS (LUNCH_ID,ITEM_NUMBER,SUPPLIER_ID,PRODUCT_CODE,QUANTITY) values (12,1,'ASP','FS',1);
Insert into LUNCHES.L_LUNCH_ITEMS (LUNCH_ID,ITEM_NUMBER,SUPPLIER_ID,PRODUCT_CODE,QUANTITY) values (12,2,'CBC','GS',1);
Insert into LUNCHES.L_LUNCH_ITEMS (LUNCH_ID,ITEM_NUMBER,SUPPLIER_ID,PRODUCT_CODE,QUANTITY) values (12,3,'JBR','VR',2);
Insert into LUNCHES.L_LUNCH_ITEMS (LUNCH_ID,ITEM_NUMBER,SUPPLIER_ID,PRODUCT_CODE,QUANTITY) values (12,4,'VSB','AS',1);
Insert into LUNCHES.L_LUNCH_ITEMS (LUNCH_ID,ITEM_NUMBER,SUPPLIER_ID,PRODUCT_CODE,QUANTITY) values (13,1,'ASP','SP',2);
Insert into LUNCHES.L_LUNCH_ITEMS (LUNCH_ID,ITEM_NUMBER,SUPPLIER_ID,PRODUCT_CODE,QUANTITY) values (13,2,'ASP','SW',2);
Insert into LUNCHES.L_LUNCH_ITEMS (LUNCH_ID,ITEM_NUMBER,SUPPLIER_ID,PRODUCT_CODE,QUANTITY) values (13,3,'FRV','FF',1);
Insert into LUNCHES.L_LUNCH_ITEMS (LUNCH_ID,ITEM_NUMBER,SUPPLIER_ID,PRODUCT_CODE,QUANTITY) values (13,4,'JBR','AS',1);
Insert into LUNCHES.L_LUNCH_ITEMS (LUNCH_ID,ITEM_NUMBER,SUPPLIER_ID,PRODUCT_CODE,QUANTITY) values (15,1,'ASP','SP',1);
Insert into LUNCHES.L_LUNCH_ITEMS (LUNCH_ID,ITEM_NUMBER,SUPPLIER_ID,PRODUCT_CODE,QUANTITY) values (15,2,'CBC','GS',1);
Insert into LUNCHES.L_LUNCH_ITEMS (LUNCH_ID,ITEM_NUMBER,SUPPLIER_ID,PRODUCT_CODE,QUANTITY) values (15,3,'FRV','FF',1);
Insert into LUNCHES.L_LUNCH_ITEMS (LUNCH_ID,ITEM_NUMBER,SUPPLIER_ID,PRODUCT_CODE,QUANTITY) values (15,4,'JBR','AS',2);
Insert into LUNCHES.L_LUNCH_ITEMS (LUNCH_ID,ITEM_NUMBER,SUPPLIER_ID,PRODUCT_CODE,QUANTITY) values (16,1,'ASP','FS',1);
Insert into LUNCHES.L_LUNCH_ITEMS (LUNCH_ID,ITEM_NUMBER,SUPPLIER_ID,PRODUCT_CODE,QUANTITY) values (16,2,'ASP','SW',1);
Insert into LUNCHES.L_LUNCH_ITEMS (LUNCH_ID,ITEM_NUMBER,SUPPLIER_ID,PRODUCT_CODE,QUANTITY) values (16,3,'CBC','SW',1);
Insert into LUNCHES.L_LUNCH_ITEMS (LUNCH_ID,ITEM_NUMBER,SUPPLIER_ID,PRODUCT_CODE,QUANTITY) values (16,4,'JBR','VR',1);
Insert into LUNCHES.L_LUNCH_ITEMS (LUNCH_ID,ITEM_NUMBER,SUPPLIER_ID,PRODUCT_CODE,QUANTITY) values (16,5,'JBR','AS',1);
Insert into LUNCHES.L_LUNCH_ITEMS (LUNCH_ID,ITEM_NUMBER,SUPPLIER_ID,PRODUCT_CODE,QUANTITY) values (17,1,'ASP','SP',1);
Insert into LUNCHES.L_LUNCH_ITEMS (LUNCH_ID,ITEM_NUMBER,SUPPLIER_ID,PRODUCT_CODE,QUANTITY) values (17,2,'CBC','GS',1);
Insert into LUNCHES.L_LUNCH_ITEMS (LUNCH_ID,ITEM_NUMBER,SUPPLIER_ID,PRODUCT_CODE,QUANTITY) values (17,3,'FRV','FF',1);
Insert into LUNCHES.L_LUNCH_ITEMS (LUNCH_ID,ITEM_NUMBER,SUPPLIER_ID,PRODUCT_CODE,QUANTITY) values (17,4,'JBR','VR',2);
Insert into LUNCHES.L_LUNCH_ITEMS (LUNCH_ID,ITEM_NUMBER,SUPPLIER_ID,PRODUCT_CODE,QUANTITY) values (17,5,'VSB','AS',1);
Insert into LUNCHES.L_LUNCH_ITEMS (LUNCH_ID,ITEM_NUMBER,SUPPLIER_ID,PRODUCT_CODE,QUANTITY) values (20,1,'ASP','FS',1);
Insert into LUNCHES.L_LUNCH_ITEMS (LUNCH_ID,ITEM_NUMBER,SUPPLIER_ID,PRODUCT_CODE,QUANTITY) values (20,2,'ASP','SP',1);
Insert into LUNCHES.L_LUNCH_ITEMS (LUNCH_ID,ITEM_NUMBER,SUPPLIER_ID,PRODUCT_CODE,QUANTITY) values (20,3,'CBC','GS',1);
Insert into LUNCHES.L_LUNCH_ITEMS (LUNCH_ID,ITEM_NUMBER,SUPPLIER_ID,PRODUCT_CODE,QUANTITY) values (20,4,'FRV','FF',1);
Insert into LUNCHES.L_LUNCH_ITEMS (LUNCH_ID,ITEM_NUMBER,SUPPLIER_ID,PRODUCT_CODE,QUANTITY) values (20,5,'JBR','AS',1);
Insert into LUNCHES.L_LUNCH_ITEMS (LUNCH_ID,ITEM_NUMBER,SUPPLIER_ID,PRODUCT_CODE,QUANTITY) values (21,1,'ASP','SP',1);
Insert into LUNCHES.L_LUNCH_ITEMS (LUNCH_ID,ITEM_NUMBER,SUPPLIER_ID,PRODUCT_CODE,QUANTITY) values (21,2,'CBC','GS',1);
Insert into LUNCHES.L_LUNCH_ITEMS (LUNCH_ID,ITEM_NUMBER,SUPPLIER_ID,PRODUCT_CODE,QUANTITY) values (21,3,'JBR','VR',2);
Insert into LUNCHES.L_LUNCH_ITEMS (LUNCH_ID,ITEM_NUMBER,SUPPLIER_ID,PRODUCT_CODE,QUANTITY) values (21,4,'VSB','AS',1);
Insert into LUNCHES.L_LUNCH_ITEMS (LUNCH_ID,ITEM_NUMBER,SUPPLIER_ID,PRODUCT_CODE,QUANTITY) values (22,1,'ASP','FS',1);
Insert into LUNCHES.L_LUNCH_ITEMS (LUNCH_ID,ITEM_NUMBER,SUPPLIER_ID,PRODUCT_CODE,QUANTITY) values (22,2,'CBC','GS',1);
Insert into LUNCHES.L_LUNCH_ITEMS (LUNCH_ID,ITEM_NUMBER,SUPPLIER_ID,PRODUCT_CODE,QUANTITY) values (22,3,'FRV','FF',1);
Insert into LUNCHES.L_LUNCH_ITEMS (LUNCH_ID,ITEM_NUMBER,SUPPLIER_ID,PRODUCT_CODE,QUANTITY) values (22,4,'JBR','VR',1);
Insert into LUNCHES.L_LUNCH_ITEMS (LUNCH_ID,ITEM_NUMBER,SUPPLIER_ID,PRODUCT_CODE,QUANTITY) values (22,5,'JBR','AS',1);
REM INSERTING into LUNCHES.L_SUPPLIERS
SET DEFINE OFF;
Insert into LUNCHES.L_SUPPLIERS (SUPPLIER_ID,SUPPLIER_NAME) values ('ARR','ALICE & RAY''S RESTAURANT');
Insert into LUNCHES.L_SUPPLIERS (SUPPLIER_ID,SUPPLIER_NAME) values ('ASP','A SOUP PLACE');
Insert into LUNCHES.L_SUPPLIERS (SUPPLIER_ID,SUPPLIER_NAME) values ('CBC','CERTIFIED BEEF COMPANY');
Insert into LUNCHES.L_SUPPLIERS (SUPPLIER_ID,SUPPLIER_NAME) values ('FRV','FRANK REED''S VEGETABLES');
Insert into LUNCHES.L_SUPPLIERS (SUPPLIER_ID,SUPPLIER_NAME) values ('FSN','FRANK & SONS');
Insert into LUNCHES.L_SUPPLIERS (SUPPLIER_ID,SUPPLIER_NAME) values ('JBR','JUST BEVERAGES');
Insert into LUNCHES.L_SUPPLIERS (SUPPLIER_ID,SUPPLIER_NAME) values ('JPS','JIM PARKER''S SHOP');
Insert into LUNCHES.L_SUPPLIERS (SUPPLIER_ID,SUPPLIER_NAME) values ('VSB','VIRGINIA STREET BAKERY');
--------------------------------------------------------
--  DDL for Index PK_L_EMPLOYEES
--------------------------------------------------------

  CREATE UNIQUE INDEX "LUNCHES"."PK_L_EMPLOYEES" ON "LUNCHES"."L_EMPLOYEES" ("EMPLOYEE_ID") 
  PCTFREE 10 INITRANS 2 MAXTRANS 255 COMPUTE STATISTICS 
  STORAGE(INITIAL 65536 NEXT 1048576 MINEXTENTS 1 MAXEXTENTS 2147483645
  PCTINCREASE 0 FREELISTS 1 FREELIST GROUPS 1 BUFFER_POOL DEFAULT FLASH_CACHE DEFAULT CELL_FLASH_CACHE DEFAULT)
  TABLESPACE "SYSTEM" ;
--------------------------------------------------------
--  DDL for Index UNIQUE_L_EMPPLOYEES_PHONE_NUM
--------------------------------------------------------

  CREATE UNIQUE INDEX "LUNCHES"."UNIQUE_L_EMPPLOYEES_PHONE_NUM" ON "LUNCHES"."L_EMPLOYEES" ("PHONE_NUMBER") 
  PCTFREE 10 INITRANS 2 MAXTRANS 255 COMPUTE STATISTICS 
  STORAGE(INITIAL 65536 NEXT 1048576 MINEXTENTS 1 MAXEXTENTS 2147483645
  PCTINCREASE 0 FREELISTS 1 FREELIST GROUPS 1 BUFFER_POOL DEFAULT FLASH_CACHE DEFAULT CELL_FLASH_CACHE DEFAULT)
  TABLESPACE "SYSTEM" ;
--------------------------------------------------------
--  DDL for Index PK_L_DEPARTMENTS
--------------------------------------------------------

  CREATE UNIQUE INDEX "LUNCHES"."PK_L_DEPARTMENTS" ON "LUNCHES"."L_DEPARTMENTS" ("DEPT_CODE") 
  PCTFREE 10 INITRANS 2 MAXTRANS 255 COMPUTE STATISTICS 
  STORAGE(INITIAL 65536 NEXT 1048576 MINEXTENTS 1 MAXEXTENTS 2147483645
  PCTINCREASE 0 FREELISTS 1 FREELIST GROUPS 1 BUFFER_POOL DEFAULT FLASH_CACHE DEFAULT CELL_FLASH_CACHE DEFAULT)
  TABLESPACE "SYSTEM" ;
--------------------------------------------------------
--  DDL for Index PK_L_LUNCHES
--------------------------------------------------------

  CREATE UNIQUE INDEX "LUNCHES"."PK_L_LUNCHES" ON "LUNCHES"."L_LUNCHES" ("LUNCH_ID") 
  PCTFREE 10 INITRANS 2 MAXTRANS 255 COMPUTE STATISTICS 
  STORAGE(INITIAL 65536 NEXT 1048576 MINEXTENTS 1 MAXEXTENTS 2147483645
  PCTINCREASE 0 FREELISTS 1 FREELIST GROUPS 1 BUFFER_POOL DEFAULT FLASH_CACHE DEFAULT CELL_FLASH_CACHE DEFAULT)
  TABLESPACE "SYSTEM" ;
--------------------------------------------------------
--  DDL for Index PK_L_FOODS
--------------------------------------------------------

  CREATE UNIQUE INDEX "LUNCHES"."PK_L_FOODS" ON "LUNCHES"."L_FOODS" ("SUPPLIER_ID", "PRODUCT_CODE") 
  PCTFREE 10 INITRANS 2 MAXTRANS 255 COMPUTE STATISTICS 
  STORAGE(INITIAL 65536 NEXT 1048576 MINEXTENTS 1 MAXEXTENTS 2147483645
  PCTINCREASE 0 FREELISTS 1 FREELIST GROUPS 1 BUFFER_POOL DEFAULT FLASH_CACHE DEFAULT CELL_FLASH_CACHE DEFAULT)
  TABLESPACE "SYSTEM" ;
--------------------------------------------------------
--  DDL for Index PK_L_SUPPLIERS
--------------------------------------------------------

  CREATE UNIQUE INDEX "LUNCHES"."PK_L_SUPPLIERS" ON "LUNCHES"."L_SUPPLIERS" ("SUPPLIER_ID") 
  PCTFREE 10 INITRANS 2 MAXTRANS 255 COMPUTE STATISTICS 
  STORAGE(INITIAL 65536 NEXT 1048576 MINEXTENTS 1 MAXEXTENTS 2147483645
  PCTINCREASE 0 FREELISTS 1 FREELIST GROUPS 1 BUFFER_POOL DEFAULT FLASH_CACHE DEFAULT CELL_FLASH_CACHE DEFAULT)
  TABLESPACE "SYSTEM" ;
--------------------------------------------------------
--  DDL for Index UNIQUE_L_EMPLOYEES_FULL_NAME
--------------------------------------------------------

  CREATE UNIQUE INDEX "LUNCHES"."UNIQUE_L_EMPLOYEES_FULL_NAME" ON "LUNCHES"."L_EMPLOYEES" ("FIRST_NAME", "LAST_NAME") 
  PCTFREE 10 INITRANS 2 MAXTRANS 255 COMPUTE STATISTICS 
  STORAGE(INITIAL 65536 NEXT 1048576 MINEXTENTS 1 MAXEXTENTS 2147483645
  PCTINCREASE 0 FREELISTS 1 FREELIST GROUPS 1 BUFFER_POOL DEFAULT FLASH_CACHE DEFAULT CELL_FLASH_CACHE DEFAULT)
  TABLESPACE "SYSTEM" ;
--------------------------------------------------------
--  DDL for Index PK_L_LUNCH_ITEMS
--------------------------------------------------------

  CREATE UNIQUE INDEX "LUNCHES"."PK_L_LUNCH_ITEMS" ON "LUNCHES"."L_LUNCH_ITEMS" ("LUNCH_ID", "ITEM_NUMBER") 
  PCTFREE 10 INITRANS 2 MAXTRANS 255 COMPUTE STATISTICS 
  STORAGE(INITIAL 65536 NEXT 1048576 MINEXTENTS 1 MAXEXTENTS 2147483645
  PCTINCREASE 0 FREELISTS 1 FREELIST GROUPS 1 BUFFER_POOL DEFAULT FLASH_CACHE DEFAULT CELL_FLASH_CACHE DEFAULT)
  TABLESPACE "SYSTEM" ;
--------------------------------------------------------
--  Constraints for Table L_SUPPLIERS
--------------------------------------------------------

  ALTER TABLE "LUNCHES"."L_SUPPLIERS" ADD CONSTRAINT "PK_L_SUPPLIERS" PRIMARY KEY ("SUPPLIER_ID")
  USING INDEX PCTFREE 10 INITRANS 2 MAXTRANS 255 COMPUTE STATISTICS 
  STORAGE(INITIAL 65536 NEXT 1048576 MINEXTENTS 1 MAXEXTENTS 2147483645
  PCTINCREASE 0 FREELISTS 1 FREELIST GROUPS 1 BUFFER_POOL DEFAULT FLASH_CACHE DEFAULT CELL_FLASH_CACHE DEFAULT)
  TABLESPACE "SYSTEM"  ENABLE;
--------------------------------------------------------
--  Constraints for Table L_EMPLOYEES
--------------------------------------------------------

  ALTER TABLE "LUNCHES"."L_EMPLOYEES" ADD CONSTRAINT "UNIQUE_L_EMPPLOYEES_PHONE_NUM" UNIQUE ("PHONE_NUMBER")
  USING INDEX PCTFREE 10 INITRANS 2 MAXTRANS 255 COMPUTE STATISTICS 
  STORAGE(INITIAL 65536 NEXT 1048576 MINEXTENTS 1 MAXEXTENTS 2147483645
  PCTINCREASE 0 FREELISTS 1 FREELIST GROUPS 1 BUFFER_POOL DEFAULT FLASH_CACHE DEFAULT CELL_FLASH_CACHE DEFAULT)
  TABLESPACE "SYSTEM"  ENABLE;
  ALTER TABLE "LUNCHES"."L_EMPLOYEES" ADD CONSTRAINT "UNIQUE_L_EMPLOYEES_FULL_NAME" UNIQUE ("FIRST_NAME", "LAST_NAME")
  USING INDEX PCTFREE 10 INITRANS 2 MAXTRANS 255 COMPUTE STATISTICS 
  STORAGE(INITIAL 65536 NEXT 1048576 MINEXTENTS 1 MAXEXTENTS 2147483645
  PCTINCREASE 0 FREELISTS 1 FREELIST GROUPS 1 BUFFER_POOL DEFAULT FLASH_CACHE DEFAULT CELL_FLASH_CACHE DEFAULT)
  TABLESPACE "SYSTEM"  ENABLE;
  ALTER TABLE "LUNCHES"."L_EMPLOYEES" ADD CONSTRAINT "NN_L_EMPLOYEES_LAST_NAME" CHECK (LAST_NAME IS NOT NULL) ENABLE;
  ALTER TABLE "LUNCHES"."L_EMPLOYEES" ADD CONSTRAINT "NN_L_EMPLOYEES_FIRST_NAME" CHECK (FIRST_NAME IS NOT NULL) ENABLE;
  ALTER TABLE "LUNCHES"."L_EMPLOYEES" ADD CONSTRAINT "PK_L_EMPLOYEES" PRIMARY KEY ("EMPLOYEE_ID")
  USING INDEX PCTFREE 10 INITRANS 2 MAXTRANS 255 COMPUTE STATISTICS 
  STORAGE(INITIAL 65536 NEXT 1048576 MINEXTENTS 1 MAXEXTENTS 2147483645
  PCTINCREASE 0 FREELISTS 1 FREELIST GROUPS 1 BUFFER_POOL DEFAULT FLASH_CACHE DEFAULT CELL_FLASH_CACHE DEFAULT)
  TABLESPACE "SYSTEM"  ENABLE;
--------------------------------------------------------
--  Constraints for Table L_DEPARTMENTS
--------------------------------------------------------

  ALTER TABLE "LUNCHES"."L_DEPARTMENTS" ADD CONSTRAINT "PK_L_DEPARTMENTS" PRIMARY KEY ("DEPT_CODE")
  USING INDEX PCTFREE 10 INITRANS 2 MAXTRANS 255 COMPUTE STATISTICS 
  STORAGE(INITIAL 65536 NEXT 1048576 MINEXTENTS 1 MAXEXTENTS 2147483645
  PCTINCREASE 0 FREELISTS 1 FREELIST GROUPS 1 BUFFER_POOL DEFAULT FLASH_CACHE DEFAULT CELL_FLASH_CACHE DEFAULT)
  TABLESPACE "SYSTEM"  ENABLE;
--------------------------------------------------------
--  Constraints for Table L_LUNCH_ITEMS
--------------------------------------------------------

  ALTER TABLE "LUNCHES"."L_LUNCH_ITEMS" ADD CONSTRAINT "PK_L_LUNCH_ITEMS" PRIMARY KEY ("LUNCH_ID", "ITEM_NUMBER")
  USING INDEX PCTFREE 10 INITRANS 2 MAXTRANS 255 COMPUTE STATISTICS 
  STORAGE(INITIAL 65536 NEXT 1048576 MINEXTENTS 1 MAXEXTENTS 2147483645
  PCTINCREASE 0 FREELISTS 1 FREELIST GROUPS 1 BUFFER_POOL DEFAULT FLASH_CACHE DEFAULT CELL_FLASH_CACHE DEFAULT)
  TABLESPACE "SYSTEM"  ENABLE;
--------------------------------------------------------
--  Constraints for Table L_LUNCHES
--------------------------------------------------------

  ALTER TABLE "LUNCHES"."L_LUNCHES" ADD CONSTRAINT "NN_L_LUNCHES_EMPLOYEE_ID" CHECK (EMPLOYEE_ID IS NOT NULL) ENABLE;
  ALTER TABLE "LUNCHES"."L_LUNCHES" ADD CONSTRAINT "PK_L_LUNCHES" PRIMARY KEY ("LUNCH_ID")
  USING INDEX PCTFREE 10 INITRANS 2 MAXTRANS 255 COMPUTE STATISTICS 
  STORAGE(INITIAL 65536 NEXT 1048576 MINEXTENTS 1 MAXEXTENTS 2147483645
  PCTINCREASE 0 FREELISTS 1 FREELIST GROUPS 1 BUFFER_POOL DEFAULT FLASH_CACHE DEFAULT CELL_FLASH_CACHE DEFAULT)
  TABLESPACE "SYSTEM"  ENABLE;
--------------------------------------------------------
--  Constraints for Table L_FOODS
--------------------------------------------------------

  ALTER TABLE "LUNCHES"."L_FOODS" ADD CONSTRAINT "CHECK_L_FOODS_PRICE_MAX_PRICE" CHECK (PRICE < 10.00) ENABLE;
  ALTER TABLE "LUNCHES"."L_FOODS" ADD CONSTRAINT "PK_L_FOODS" PRIMARY KEY ("SUPPLIER_ID", "PRODUCT_CODE")
  USING INDEX PCTFREE 10 INITRANS 2 MAXTRANS 255 COMPUTE STATISTICS 
  STORAGE(INITIAL 65536 NEXT 1048576 MINEXTENTS 1 MAXEXTENTS 2147483645
  PCTINCREASE 0 FREELISTS 1 FREELIST GROUPS 1 BUFFER_POOL DEFAULT FLASH_CACHE DEFAULT CELL_FLASH_CACHE DEFAULT)
  TABLESPACE "SYSTEM"  ENABLE;
--------------------------------------------------------
--  Ref Constraints for Table L_EMPLOYEES
--------------------------------------------------------

  ALTER TABLE "LUNCHES"."L_EMPLOYEES" ADD CONSTRAINT "FK_L_EMPLOYEES_DEPT_CODE" FOREIGN KEY ("DEPT_CODE")
	  REFERENCES "LUNCHES"."L_DEPARTMENTS" ("DEPT_CODE") ENABLE;
  ALTER TABLE "LUNCHES"."L_EMPLOYEES" ADD CONSTRAINT "FK_L_EMPLOYEES_MANAGER_ID" FOREIGN KEY ("MANAGER_ID")
	  REFERENCES "LUNCHES"."L_EMPLOYEES" ("EMPLOYEE_ID") ENABLE;
--------------------------------------------------------
--  Ref Constraints for Table L_FOODS
--------------------------------------------------------

  ALTER TABLE "LUNCHES"."L_FOODS" ADD CONSTRAINT "FK_L_FOODS_SUPPLIERS" FOREIGN KEY ("SUPPLIER_ID")
	  REFERENCES "LUNCHES"."L_SUPPLIERS" ("SUPPLIER_ID") ON DELETE CASCADE ENABLE;
--------------------------------------------------------
--  Ref Constraints for Table L_LUNCHES
--------------------------------------------------------

  ALTER TABLE "LUNCHES"."L_LUNCHES" ADD CONSTRAINT "FK_L_LUNCHES_EMPLOYEES" FOREIGN KEY ("EMPLOYEE_ID")
	  REFERENCES "LUNCHES"."L_EMPLOYEES" ("EMPLOYEE_ID") ENABLE;
--------------------------------------------------------
--  Ref Constraints for Table L_LUNCH_ITEMS
--------------------------------------------------------

  ALTER TABLE "LUNCHES"."L_LUNCH_ITEMS" ADD CONSTRAINT "FK_L_LUNCH_ITEMS_FOODS" FOREIGN KEY ("SUPPLIER_ID", "PRODUCT_CODE")
	  REFERENCES "LUNCHES"."L_FOODS" ("SUPPLIER_ID", "PRODUCT_CODE") ENABLE;
  ALTER TABLE "LUNCHES"."L_LUNCH_ITEMS" ADD CONSTRAINT "FK_L_LUNCH_ITEMS_LUNCHES" FOREIGN KEY ("LUNCH_ID")
	  REFERENCES "LUNCHES"."L_LUNCHES" ("LUNCH_ID") ENABLE;
